index,category
магазин,2612
поставщик,801
компания,737
офис,606
и,606
компании,603
по,479
услуги,447
ремонт,429
агентство,393
строительная,380
оборудования,358
центр,316
продажа,309
для,301
салон,300
красоты,296
автомобилей,295
мебели,289
оптовая,277
детский,266
подрядчик,257
школа,253
аптека,247
производитель,243
остановка,219
товаров,216
автобусная,204
одежды,200
сад,193
обслуживание,192
автозапчастей,184
клиника,173
недвижимости,168
продовольственный,167
банкомат,165
рекламное,153
торговля,150
интернет-магазин,146
комплекс,132
организация,130
жилой,124
строительных,124
служба,121
парикмахерская,118
кафе,112
ресторан,107
водителя,105
техники,105
пункт,104
турагентство,103
учреждение,103
производство,103
супермаркет,101
строительство,100
материалов,95
окон,94
стоматологическая,94
за,93
юридические,91
платы,90
проезд,90
взимания,90
дороге,90
платной,90
автомастерская,83
зал,79
автосалон,76
клуб,71
прокат,70
установке,67
государственное,67
цветочный,65
шин,64
пивной,63
спортивный,62
систем,62
азс,61
кондиционеров,61
косметики,60
медицинская,60
компьютеров,58
бытовой,57
дизайнер,57
отопительного,56
обувной,56
автошкола,56
банк,56
жкх,56
парфюмерии,55
или,54
дверей,54
штор,52
мужская,52
учебный,52
транспортная,52
оператор,51
напитков,50
отделение,50
промышленного,49
медицинский,49
дома,49
парк,48
бюро,48
праздников,48
автомойка,47
ассоциация,47
памятник,46
достопримечательность,46
принадлежностей,46
отель,46
автотранспортная,45
ломбард,45
ветеринарная,45
управление,45
здание,43
связи,43
стройматериалов,42
строительный,42
фабрика,42
танцев,41
кондиционированию,41
мероприятий,41
"вентиляции,",41
отоплению,41
мебельная,41
инструмента,41
сельскохозяйственной,41
автотюнинг,41
интерьера,41
дом,40
электроники,39
спиртных,38
веб-дизайнер,38
сантехники,37
склад,37
обеспечения,37
портной,37
программного,36
доставка,36
жилое,36
исторический,36
автоаксессуаров,36
безопасности,35
издательство,35
университет,35
изделий,35
консультант,35
почтовое,35
грузовых,34
питания,34
электрооборудования,34
транспортные,34
белья,34
кровельных,33
оптика,33
продуктов,32
с,32
медицинского,32
сотовой,31
металлов,31
сувениров,31
спортивная,31
запчастей,30
торговый,30
аренда,30
полиграфические,30
зоомагазин,29
страховое,29
адвокат,29
материалы,29
воды,28
отдыха,28
больница,28
отходов,28
детской,28
телефонов,28
женской,28
спорттоваров,28
отделочные,28
автоматизации,27
телевидения,27
рынок,27
средняя,27
кабельного,27
мастерская,27
средств,27
пекарня,27
металлообработка,27
жалюзи,27
языковая,27
генеральный,26
изготовитель,26
образовательный,26
маникюр,26
работам,26
педикюр,26
предприятие,26
интернет-маркетингу,26
интернет-провайдер,26
разработке,26
канцелярских,25
многоквартирный,25
полиграфии,25
игрушек,25
установка,25
апартаменты,24
фирма,24
уборке,24
мясной,24
строительного,24
аксессуаров,24
ювелир,24
кухонных,24
компьютерный,23
химчистка,23
мобильных,23
бухгалтер,23
кофейня,23
охраны,23
еды,23
пластиковых,23
пиццерия,22
обуви,22
бар,22
стоматолог,22
упаковки,22
шкафов,22
оборудование,22
нотариус,22
бассейнов,22
фотостудия,22
электротоваров,22
пиломатериалов,21
бутилированной,21
готовой,21
ювелирный,21
постельных,21
дисков,21
переработке,21
курьерская,21
всё,21
проектная,21
нижнего,20
оптовый,20
сантехник,20
кузовной,20
домов,20
юридическая,20
труб,20
лаборатория,20
автомобильных,20
сауна,20
оздоровительный,20
металлопроката,20
бухгалтерские,19
аккумуляторов,19
такси,19
суши,19
похоронное,19
языка,19
английского,19
изготовлению,19
энергоснабжения,19
музей,19
металлоконструкций,18
стекол,18
фастфуд,18
кондитерский,18
жилищное,18
ремонтно-эксплуатационное,18
холодильных,17
приборов,17
пищевого,17
дорожно-строительное,17
кухни,17
завод,17
студия,17
институт,17
торговых,17
осветительных,16
универсам,16
общественный,16
фурнитуры,16
красок,16
противопожарного,16
поликлиника,16
лестниц,16
семян,16
мебельной,16
компания-застройщик,16
переездов,16
товары,16
грузов,16
экспедирование,16
хозяйственный,16
монтажным,16
на,16
магазинов,15
бассейн,15
плитки,15
гипермаркет,15
тату-салон,15
ландшафтный,15
край,15
ремонту,15
нефтегазовая,15
ограждений,15
краснодарский,15
спецодежды,15
банкетный,15
транспортных,15
обслуживанием,15
мебель,15
жби,15
сигнализации,15
архитектурное,14
фотограф,14
продукты,14
психолог,14
сертификационное,14
животных,14
покрытий,14
ночлег,14
колледж,14
перемещение,14
студенческое,14
некоммерческая,14
общежитие,14
напольных,14
церковь,14
–,14
развлекательный,14
книжный,14
промышленность,14
оценщик,14
часов,13
фруктов,13
лизинг,13
воздушных,13
трудоустройству,13
детская,13
экологическая,13
салонов,13
цветов,13
свадебный,13
частных,13
доставки,13
тонирование,13
овощей,12
компьютерные,12
стекла,12
строительству,12
металлоизделий,12
взрослых,12
транспортировки,12
хранения,12
рыболовных,12
грузовиков,12
муниципальное,12
аудитор,12
авиакассы,12
керамической,12
кальянная,12
ветеринар,12
дачи,11
исследовательский,11
офисного,11
художественный,11
инженер-электрик,11
потолочных,11
зеркал,11
прачечная,11
аудио-,11
табачных,11
подгонка,11
работ,11
сада,11
автотранспорт,11
бизнес-консалтинг,11
страховая,11
женского,11
лиц,11
юридических,11
гаражных,11
конструкций,11
стальных,11
сертифицированный,11
холодильников,11
аренде,11
ворот,11
бетоносмесительный,11
телефонной,11
газетное,11
газовая,10
бетонных,10
пожарной,10
сварочных,10
телекоммуникационного,10
площадка,10
лекарственных,10
общественная,10
денежных,10
переводов,10
кухонной,10
частный,10
ликвидатор,10
продукции,10
инвестиционная,10
массажист,10
готовых,10
в,10
каминов,10
организатор,10
смесей,10
автохимии,10
ортопедической,10
правительственное,10
хостел,10
самообслуживания,10
груминг-салон,10
имущества,10
кондитерская,10
удобрений,10
художественная,9
благотворительность,9
поле,9
кровельная,9
охранное,9
ателье,9
мужской,9
жилья,9
техосмотра,9
библиотека,9
алкогольных,9
видеоаппаратуры,9
матрасов,9
стоянка,9
спортклуб,9
депиляция,9
электронных,9
баня,9
искусств,9
межкомнатные,9
апартаментов,9
питомник,9
кладбище,9
двери,9
тканей,9
звукозаписи,9
ветеринарные,9
монтаж,9
молочных,9
авторазборка,9
водоснабжения,9
чая,9
уборка,9
боевых,8
лифтовая,8
бильярдный,8
пивоварня,8
замена,8
дошкольное,8
посёлок,8
ресторанов,8
социальная,8
производству,8
безналичных,8
дилер,8
детектив,8
оргтехники,8
автостанция,8
все,8
пневматическое,8
продуктовый,8
жилищно-строительная,8
радиовещательная,8
сумок,8
насосов,8
училище,8
шаров,8
лабораторного,8
универсальный,8
отопления,8
дезинсекции,8
автомобильная,8
помощь,8
учебное,8
заведение,8
подшипников,8
переводчик,8
автомеханическая,8
мотоциклов,8
обработка,8
инженер,8
светотехнического,8
геодезист,8
морепродуктов,8
из,8
маркетинговое,8
врач,7
деревообработки,7
системы,7
кафедра,7
печатей,7
джакузи,7
реабилитационный,7
власти,7
футбольный,7
федеральной,7
бижутерии,7
бухгалтерская,7
университета,7
доступности,7
орган,7
шаговой,7
кафе-мороженое,7
электростанция,7
химикатов,7
стоматологии,7
сельскохозяйственная,7
автоброкер,7
курсы,7
кузница,7
швейное,7
растений,7
рукоделия,7
автозвука,7
дизайн-студия,7
кредитный,7
футбольное,7
полиция,7
авиакомпания,6
помощи,6
корпусной,6
строительной,6
коттеджный,6
дублирование,6
тракторов,6
сбору,6
ключей,6
дизельных,6
новостей,6
мусора,6
православная,6
проектный,6
наркодиспансер,6
двигателей,6
газетный,6
лодок,6
союз,6
храм,6
плавательный,6
печать,6
электрик,6
благотворительная,6
бетонным,6
ювелирных,6
полиции,6
ковров,6
гимназия,6
скейт-парк,6
суда,6
косметологическая,6
вопросам,6
видеостудия,6
деревообрабатывающая,6
велосипедов,6
мясные,6
спа-салон,6
хирург,6
пластический,6
арт-студия,6
киоск,6
фотоуслуги,6
спортивной,6
котлов,6
еда,6
секонд-хенд,6
гостиница,5
налоговая,5
инспекция,5
цех,5
театр,5
танцевальный,5
собак,5
беговая,5
крытая,5
изоляции,5
дорожка,5
плавательных,5
паспорта,5
ремонтно-строительное,5
часть,5
мост,5
станция,5
строительства,5
оптовым,5
гбо,5
переработка,5
страхования,5
больницы,5
магазином-булочной,5
оценка,5
логопед,5
архитектор,5
окна,5
солярий,5
домашних,5
металлоконструкции,5
образования,5
фотографии,5
прицепов,5
тюнинг,5
солнцезащитных,5
очков,5
электромонтаж,5
деталей,5
вынос,5
химии,5
изготовление,5
супный,5
офисной,5
кофе,5
металлических,5
сейфов,5
офтальмологический,5
скорая,5
социального,5
универмаг,5
модных,5
фейерверков,5
дня,5
баров,5
саун,5
бизнес-центр,5
компрессоров,5
пищевых,5
продленного,5
фармацевтическая,5
обоев,5
рыбный,5
караоке-бар,4
"автозапчастей,",4
ясли,4
поддержанию,4
автострахования,4
специалист,4
прачечной,4
кейтеринг,4
чистоты,4
инженер-консультант,4
музыкальный,4
укладке,4
спорт,4
кирпича,4
бывших,4
механическая,4
употреблении,4
парикмахеров,4
транспорта,4
масла,4
помещении,4
маляр,4
пожарная,4
пиццы,4
полицейский,4
химическая,4
багетная,4
гранита,4
участок,4
комиссионный,4
камня,4
психиатрическая,4
общественного,4
бутик,4
теннисный,4
стадион,4
информационные,4
пищи,4
модульных,4
лазерной,4
ит-консультант,4
алюминиевые,4
диагностический,4
информационно-туристический,4
кооператив,4
кошек,4
жилищно-строительный,4
здоровья,4
аквариумистов,4
кальянов,4
садоводства,4
культурный,4
покупка-продажа,4
металлолома,4
винный,4
финансовый,4
резки,4
онкологический,4
резины,4
краснодар,4
кафетерий,4
обслуживания,4
ярмарочная,4
establishment,4
почтовая,4
площадь,4
скважин,4
решения,4
бурению,4
фитнес-клуб,4
бассейном,4
столярная,4
плавания,4
энергетическое,4
йоги,4
здоровой,4
гастроном,4
автодром,4
пищевой,4
спортивного,4
научно-исследовательская,4
автомобиля,4
музыкальная,4
промышленности,4
настилке,4
полов,4
тсж,4
кожи,4
кузова,4
школа-интернат,4
развлечений,4
престарелых,4
закрыто,4
графический,4
галерея,4
навсегда,4
автоинспекции,4
спорт-бар,4
меховой,3
свадеб,3
новорожденных,3
аэроклуб,3
штампов,3
электродвигателей,3
сыров,3
сувенирный,3
работы,3
аренды,3
упаковочная,3
продавец,3
продаже,3
гимнастический,3
очистка,3
транспорт,3
день,3
автомобилем,3
лесоторговля,3
автомат,3
косметолог,3
электромобилей,3
зарядки,3
плодоовощной,3
рекламной,3
сувенирной,3
ландшафтного,3
дизайна,3
фотолаборатория,3
импортер,3
пенопласта,3
пенорезины,3
каратэ,3
уходу,3
защиты,3
альтернативное,3
макияжа,3
углов,3
установки,3
справочная,3
охоты,3
рыбалки,3
бани,3
колес,3
сауны,3
конференц-центр,3
делам,3
текстиль,3
телефонная,3
керамики,3
средства,3
перманентного,3
игр,3
металлургической,3
транспортного,3
осмотр,3
садового,3
мягкой,3
вентиляционного,3
постельного,3
проведению,3
(коррекционная),3
лицей,3
производств,3
поставка,3
детектор,3
лжи,3
лазертаг-клуб,3
специальная,3
массажного,3
охотничий,3
архив,3
регулировки,3
нефтепродуктами,3
коммерческой,3
вмятин,3
кондитерских,3
автомобиле,3
суд,3
организации,3
посуды,3
военная,3
топливо,3
лазерная,3
автобусные,3
перевозки,3
интернет,3
к,3
сигарет,3
электроприборов,3
батарей,3
дорожно-строительной,3
санаторий,3
аттракционов,3
перил,3
помещений,3
туроператор,3
автобусов,3
алюминия,3
джинсовой,3
косметических,3
персонала,3
ним,3
деликатесов,3
аппаратов,3
хоккейный,3
автосигнализаций,3
гидравлики,3
слуховых,3
дрессировщик,3
одноразовой,3
памятников,3
подбору,3
эпиляция,3
мясокомбинат,2
буровым,2
туалетов,2
тренер,2
фермерских,2
видеомонтажа,2
холодильные,2
недвижимостью,2
газового,2
тентов,2
демонтажу,2
инструментов,2
утилизация,2
охранной,2
вечерних,2
уголовным,2
платьев,2
холодильного,2
промышленных,2
кредитное,2
промышленные,2
бизнеса,2
аэродром,2
изоляционных,2
стекольная,2
кемпинга,2
гидроизоляции,2
облицовке,2
подвеска),2
кафе-кондитерская,2
древесины,2
высшее,2
замороженных,2
культовое,2
логистические,2
мрамором,2
снаряжения,2
вышивке,2
фильмов,2
инструктор,2
природного,2
таунхаусов,2
офисных,2
геологическая,2
механик,2
спортивное,2
медицина,2
нетрадиционная,2
(специализация:,2
автомагазин,2
образовательное,2
военторг,2
трав,2
авторынок,2
айкидо,2
мчс,2
оториноларингологии,2
лагерь,2
стилист,2
солнечная,2
гастрономической,2
таможня,2
налоговый,2
таможенный,2
бумаги,2
временному,2
пескоструйная,2
покрытия,2
проживанию,2
гомеопатия,2
обучения,2
пвх,2
фотоэлектрическая,2
хозяйство,2
шаре,2
передач,2
касса,2
билетная,2
футболок,2
фототоваров,2
трамвайная,2
профессиональное,2
экзаменационный,2
перерабатываемых,2
приёма,2
боулинг,2
парковка,2
секция,2
уборов,2
головных,2
акушер-гинеколог,2
ферма,2
каток,2
неотложной,2
химический,2
экспортёр,2
землеустроитель,2
personal,2
консультации,2
финансовое,2
арендуемое,2
жилье,2
смягчения,2
меховое,2
итальянской,2
медитации,2
подержанных,2
роддом,2
repair,2
бокса,2
семейный,2
мемориальный,2
(китай),2
эксперт,2
судебно-медицинский,2
риелторы,2
service,2
коробок,2
агрохимикатов,2
уборочного,2
мясных,2
экстренной,2
здоровье,2
зоопарк,2
при,2
банкротстве,2
саженцев,2
модельное,2
музыкант,2
административно-общественный,2
плиточный,2
ботанический,2
стеллажей,2
реставрация,2
печной,2
трафаретная,2
агент,2
общего,2
типа,2
билетов,2
верхней,2
службы,2
труда,2
тюрьма,2
японской,2
религиозная,2
знакомств,2
септиков,2
патолог,2
передержке,2
волос,2
наращивание,2
бакалейных,2
радиаторов,2
свиданий,2
энергетическая,2
тепловая,2
резка,2
хранение,2
видеооборудования,2
электрическая,2
подстанция,2
дистрибуции,2
деревянных,2
металла,2
текстилю,2
собой,2
детских,2
шатров,2
спа-массаж,2
шитья,2
смотровая,2
валюты,2
обмен,2
кинотеатров,2
мотошкола,2
психотерапевт,2
городской,2
вина,2
принтеров,2
остекления,2
паб,2
женская,2
нефтепромыслового,2
тортов,2
краткосрочной,2
пляжного,2
воздушном,2
полетов,2
кормов,2
парикмахерских,2
пошив,2
европейской,2
снастей,2
кустарников,2
брокер,2
деревьев,2
удаления,2
обрезки,2
техническое,2
цифровая,2
костюмов,2
частная,2
консультация,2
загс,2
компьютеры,2
репетиторские,2
уровня,2
подготовки,2
знаков,2
повышения,2
начальная,2
программа,2
кофемашин,2
чайный,2
массаж,2
культура,2
устройству,2
инженерных,2
крытый,2
сельское,2
собаковод,2
коммуникаций,2
гидравлического,2
инспектор,2
автосалона,2
bmw,2
физической,2
отделка,2
infiniti,1
срубы,1
офтальмологическая,1
невролог,1
арматурных,1
hyundai,1
узбекской,1
волейбола,1
каркасов,1
солнечных,1
топлива,1
промышленный,1
горячего,1
интернет-кафе,1
дровяных,1
печей,1
вещевой,1
китайской,1
банкротству,1
финансов,1
пальто,1
летное,1
департамент,1
контейнерная,1
христианская,1
земляные,1
церкви,1
рекламные,1
тары,1
служитель,1
математическая,1
русской,1
алюминиевой,1
визажист,1
хирургический,1
палата,1
стеклянной,1
торговая,1
ресторан-пивоварня,1
заточка,1
урологическая,1
переработки,1
часовня,1
пряжи,1
кладочные,1
отоларинголог,1
обеспечение,1
противотуберкулёзный,1
площадок,1
трансфера,1
аэропорту,1
устройств,1
фирменный,1
молодежная,1
торгово-выставочный,1
освещению,1
чоп-хаус,1
интерьеров,1
иммиграционная,1
кредитам,1
косметический,1
вилочных,1
погрузчиков,1
красота,1
педиатрический,1
вегетарианское,1
культурная,1
телестанция,1
капсульный,1
стрельбище,1
грузинской,1
авиаконсультант,1
беременности,1
индийский,1
авиация,1
импортно-экспортная,1
фото-,1
чистка,1
виноделия,1
молодых,1
армянская,1
мам,1
массажа,1
железнодорожным,1
кухней,1
низких,1
цен,1
гандбольный,1
собор,1
новогодних,1
концертный,1
записи,1
актов,1
гражданского,1
планетарий,1
состояния,1
религиозный,1
телевизоров,1
группа,1
католическая,1
пекарен,1
социальной,1
плаванию,1
эспрессо-бар,1
брака,1
отношений,1
перевозке,1
инженерное,1
научный,1
картриджей,1
wi-fi,1
энергетическим,1
доступа,1
установкам,1
репетитор,1
морской,1
маскарадных,1
дайвинг-центр,1
сельхозпродуктов,1
водоснабжение,1
краеведческий,1
продукцией,1
перинатальный,1
специализированная,1
профессионального,1
загородных,1
заправка,1
инструментально-штамповая,1
теплиц,1
точка,1
прокуратура,1
поезда,1
диспансер,1
композитор,1
речной,1
порт,1
вокзал,1
активного,1
здоровью,1
электростанций,1
национальная,1
сингапура,1
саморазвития,1
пригородные,1
ford,1
прорабов,1
окружной,1
корт,1
видеотехники,1
теннису,1
вилла,1
спальни,1
мотоциклы,1
париков,1
билеты,1
лотерейные,1
террас,1
настилов,1
оздоровления,1
почтовых,1
отправлений,1
архитектурный,1
налогообложения,1
монастырь,1
хирургических,1
лесопитомник,1
тренинги,1
флагов,1
педагог,1
вокалу,1
бумажной,1
игровая,1
компьютерной,1
юридический,1
факультет,1
водного,1
пластмасс,1
камнерезный,1
театральных,1
прокурор,1
квадроциклов,1
шоумен,1
книг,1
фруктовый,1
музыкальных,1
шахматам,1
русская,1
сопровождения,1
религиозных,1
трамвая,1
строение,1
стиральных,1
сушильных,1
машин,1
неправительственная,1
барбекю-ресторан,1
патентный,1
госавтоинспекция,1
поверенный,1
жилых,1
заполнении,1
налоговых,1
деклараций,1
аудиоаппаратуры,1
иностранное,1
консульство,1
мельница,1
автодомов,1
сабов,1
фарфора,1
dvd-дисков,1
гостевой,1
лыжного,1
мрамора,1
приют,1
беременных,1
современного,1
сэйтай,1
общество,1
электрооборудование,1
деловых,1
подъемных,1
кранов,1
корейской,1
обжарка,1
финансовому,1
лечения,1
планированию,1
цемента,1
гаражей,1
длительного,1
пребывания,1
ламината,1
бесплодия,1
искусства,1
фреш-бар,1
самолетов,1
рамок,1
номерных,1
столовых,1
конноспортивный,1
интересам,1
баскетбольный,1
металломастерская,1
toyota,1
мелкой,1
индустриальный,1
традиционный,1
сервисный,1
дартсом,1
хоккея,1
половой,1
доски,1
переезда,1
шлангов,1
птицеферма,1
б/у,1
выставочный,1
личный,1
вертолетная,1
выставочная,1
дошкольного,1
территория,1
развития,1
head,1
start,1
пасека,1
питьевой,1
фонтан,1
образование,1
оформление,1
колл-центр,1
форменной,1
маклер,1
биржевой,1
профессиональные,1
информационное,1
мясозаготовка,1
противопожарной,1
бровей,1
коррекции,1
налоговое,1
государственный,1
волейбольная,1
аквапарк,1
офф-роуда,1
gps-оборудования,1
хирургии,1
тенниса,1
внешней,1
вечерняя,1
вывесок,1
копировальный,1
подводного,1
кинотеатр,1
велопарковка,1
торговле,1
фильтров,1
подарочной,1
страховой,1
месторождение,1
нефти,1
яхт-клуб,1
пляжной,1
квест-комнаты,1
семьям,1
пластической,1
охрана,1
планирования,1
семьи,1
фермерский,1
коттедж,1
производственное,1
десертное,1
безопасность,1
макетная,1
свадебных,1
замков,1
госпиталь,1
открытом,1
воздухе,1
консервный,1
фермеров,1
абразивов,1
мотель,1
малышей,1
мировой,1
борьбы,1
напитки,1
рукоделие,1
шуб,1
ремесленных,1
база,1
кулеров,1
водоочистки,1
молочный,1
гигиены,1
техническая,1
полиграфическое,1
видеонаблюдения,1
акупунктуры,1
механообработка,1
кукольный,1
деревообработчик,1
плотник,1
проката,1
линз,1
контактных,1
кондитеров,1
проектирование,1
детско-юношеский,1
пылесосов,1
восковая,1
беседки,1
крытые,1
навесы,1
kia,1
настольного,1
прудов,1
спроса,1
взыскание,1
пластичных,1
полимеров,1
садовой,1
насосное,1
сервис,1
хостинг-провайдер,1
долгов,1
моделей,1
репродуктивной,1
медицины,1
профсоюз,1
ночной,1
сварочные,1
музыкальное,1
аудит,1
картографирование,1
печати,1
одежда,1
ирригационного,1
телескопов,1
стеклодув,1
развитию,1
лодж,1
дорожного,1
драмкружок,1
балетная,1
антикварный,1
швейный,1
федеральная,1
студенческий,1
немецкой,1
консультант-эколог,1
федеральный,1
продажей,1
табака,1
песка,1
фанеры,1
обувная,1
металлургическая,1
porsche,1
газонокосилок,1
привидениями,1
гравия,1
дворец,1
гемодиализа,1
энергии,1
нефтеперерабатывающий,1
витаминов,1
добавок,1
повседневного,1
спортивно-досуговый,1
скотоводческая,1
замок,1
складские,1
бесплатная,1
телекоммуникациям,1
винодельня,1
лимузинов,1
озеро,1
регистрации,1
вязания,1
монопольный,1
паназиатской,1
механический,1
газификации,1
эротический,1
спорта,1
занятости,1
цифровой,1
праздничных,1
интерьерному,1
меблированными,1
квартирами,1
восстановление,1
данных,1
фондовая,1
биржа,1
христа,1
скутеров,1
йогуртов,1
кпг-заправка,1
ремесленные,1
изделия,1
китайский,1
дистанционного,1
доходный,1
металлом,1
дискаунтер,1
тренажеров,1
украшений,1
алюминиевых,1
рам,1
ароматерапии,1
рыбацкий,1
спортивных,1
3d-печать,1
тонколистовым,1
художник,1
лабораторные,1
исследования,1
грунта,1
авиабаза,1
греческой,1
выставочных,1
стендов,1
нанесение,1
букмекерская,1
небом,1
военный,1
блинная,1
художников,1
маркетингу,1
рамэн,1
контора,1
порошкового,1
журналов,1
услуг,1
сельского,1
хозяйства,1
пельменная,1
масел,1
открытым,1
под,1
купальня,1
скалодром,1
пенсионный,1
экстрасенс,1
умный,1
аксессуары,1
мебельные,1
осмотра,1
протезирования,1
ортопедии,1
кладочных,1
туалет,1
ножей,1
ветеранов,1
гончарные,1
экологический,1
